Passenger_name,Seats,Bags,Age,Issue_date,Arrival_time,Setoff_time,Amount,Train_no,Train_name,Station_no,Station_name,Station_location,Destination
Samuel Patterson,2,1,17,1/8/2022,11:30,9:00,20000,110,Bulletin,1,New York Penn Station,New York,San Francisco
Paula Reyes,1,5,34,20/8/2022,10:00,8:00,10000,120,Vessel Cavallier,2,30th Street Station,Philadelphia,Montana
Elijah Fisher,5,3,54,26/8/2022,9:30,7:00,50000,130,El Royale,1,New York Penn Station,New York,Virgina
Saige Edwards,4,4,28,11/8/2022,8:10,6:00,40000,140,Torpedo Ben,2,30th Street Station,Philadelphia,Boston
Hope Novak,3,1,15,6/8/2022,7:30,5:00,30000,110,Bulletin,1,New York Penn Station,New York,Indiana
Martin Barry,1,2,24,9/8/2022,16:00,14:00,10000,120,Vessel Cavallier,2,30th Street Station,Philadelphia,Arkansas
Zoe Clark,1,5,32,27/8/2022,17:10,15:00,10000,130,El Royale,1,New York Penn Station,New York,Madison
Harley Howell,5,5,26,17/8/2022,18:40,16:00,50000,140,Torpedo Ben,2,30th Street Station,Philadelphia,Nevada
Vincent Baxter,1,2,45,7/8/2022,19:30,17:00,10000,110,Bulletin,1,New York Penn Station,New York,Savannah
Frida Morely,2,3,30,18/8/2022,20:10,18:00,20000,120,Vessel Cavallier,2,30th Street Station,Philadelphia,Orlando
Mopetite Adams,4,1,60,26/8/2022,18:00,15:00,40000,130,El Royale,1,New York Penn Station,New York,Boston
Leticia Brian,1,3,73,31/8/2022,16:00,14:00,10000,140,Torpedo Ben,2,30th Street Station,Philadelphia,Alberquerque
Namanda Festus,3,2,84,4/8/2022,20:00,17:00,30000,110,Bulletin,1,New York Penn Station,New York,Michigan
Doreen Mbaziira,5,4,24,23/8/2022,13:40,11:00,50000,120,Vessel Cavallier,2,30th Street Station,Philadelphia,Colorado
Gotland Jim James,1,1,22,28/8/2022,16:00,13:00,10000,130,El Royale,1,New York Penn Station,New York,Louisville
Fedisha Michelle,5,2,32,23/8/2022,11:00,9:00,50000,140,Torpedo Ben,2,30th Street Station,Philadelphia,George Town
Amos Sebaduka,2,3,83,26/8/2022,19:50,16:00,20000,110,Bulletin,1,New York Penn Station,New York,Oklahoma
Wambiza Destine,3,2,55,29/8/2022,14:40,12:00,30000,120,Vessel Cavallier,2,30th Street Station,Philadelphia,Nevada
Kavimu Moses,4,1,87,2/8/2022,13:00,10:00,40000,130,El Royale,1,New York Penn Station,New York,Boston
Antijama Tracey,2,3,54,11/8/2022,20:00,18:00,20000,140,Torpedo Ben,2,30th Street Station,Philadelphia,Boston
Mavis Darvis,1,5,32,16/8/2022,11:30,9:00,10000,110,Bulletin,1,New York Penn Station,New York,San Francisco
Davin Casper,5,2,57,24/8/2022,10:00,8:00,50000,120,Vessel Cavallier,2,30th Street Station,Philadelphia,Montana
Denis Ben,2,3,45,13/8/2022,9:30,7:00,20000,130,El Royale,1,New York Penn Station,New York,Virgina
Wolf Webster,1,4,65,2/8/2022,8:10,6:00,10000,140,Torpedo Ben,2,30th Street Station,Philadelphia,Boston
Travis Scott,2,1,26,29/8/2022,7:30,5:00,20000,110,Bulletin,1,New York Penn Station,New York,Indiana
Kendall Jenner,4,3,48,4/8/2022,16:00,14:00,40000,120,Vessel Cavallier,2,30th Street Station,Philadelphia,Arkansas
Kim Kardashian,5,1,60,28/8/2022,17:10,15:00,50000,130,El Royale,1,New York Penn Station,New York,Madison
Kourtney Kimmel,4,2,59,12/8/2022,18:40,16:00,40000,140,Torpedo Ben,2,30th Street Station,Philadelphia,Nevada
Jimmy Fallon,1,3,42,18/8/2022,19:30,17:00,10000,110,Bulletin,1,New York Penn Station,New York,Savannah
Steve Carell,3,2,61,21/8/2022,20:10,18:00,30000,120,Vessel Cavallier,2,30th Street Station,Philadelphia,Orlando
Dania Demi,2,4,33,2/8/2022,18:00,15:00,20000,130,El Royale,1,New York Penn Station,New York,Boston
Thomas Ivan,1,5,25,27/8/2022,16:00,14:00,10000,140,Torpedo Ben,2,30th Street Station,Philadelphia,Alberquerque
Ron Stoppable,3,3,30,7/8/2022,20:00,17:00,30000,110,Bulletin,1,New York Penn Station,New York,Michigan
Kim Possible,2,2,71,3/8/2022,13:40,11:00,20000,120,Vessel Cavallier,2,30th Street Station,Philadelphia,Colorado
Bonnie Baxter,4,4,69,29/8/2022,16:00,13:00,40000,130,El Royale,1,New York Penn Station,New York,Louisville
Raven Symone,5,3,75,10/8/2022,11:00,9:00,50000,140,Torpedo Ben,2,30th Street Station,Philadelphia,George Town
Wanda Turner,4,4,66,15/8/2022,19:50,16:00,40000,110,Bulletin,1,New York Penn Station,New York,Oklahoma
Vicky Von Dom,2,1,36,22/8/2022,14:40,12:00,20000,120,Vessel Cavallier,2,30th Street Station,Philadelphia,Nevada
Vin Diesel,3,5,23,25/8/2022,13:00,10:00,30000,130,El Royale,1,New York Penn Station,New York,Boston
Shelby Thomas ,1,4,18,10/8/2022,20:00,18:00,10000,140,Torpedo Ben,2,30th Street Station,Philadelphia,Boston
Mikaela B Linnette ,5,3,20,19/8/2022,11:30,9:00,50000,110,Bulletin,1,New York Penn Station,New York,San Francisco
Charlie Brown,4,1,47,3/8/2022,10:00,8:00,40000,120,Vessel Cavallier,2,30th Street Station,Philadelphia,Montana
Paddington Brown,3,3,18,24/8/2022,9:30,7:00,30000,130,El Royale,1,New York Penn Station,New York,Virgina
David Schwimmer,2,4,22,18/8/2022,8:10,6:00,20000,140,Torpedo Ben,2,30th Street Station,Philadelphia,Boston
Jennifer Aniston,1,3,67,19/8/2022,7:30,5:00,10000,110,Bulletin,1,New York Penn Station,New York,Indiana
Matt Le Blanc ,4,1,66,29/8/2022,16:00,14:00,40000,120,Vessel Cavallier,2,30th Street Station,Philadelphia,Arkansas
Kourtney Kox,2,5,57,18/8/2022,17:10,15:00,20000,130,El Royale,1,New York Penn Station,New York,Madison
Matthew Perry,4,1,75,19/8/2022,18:40,16:00,40000,140,Torpedo Ben,2,30th Street Station,Philadelphia,Nevada
Lisa Kudrow,5,1,58,24/8/2022,19:30,17:00,50000,110,Bulletin,1,New York Penn Station,New York,Savannah
Dave Chappelle,3,3,73,15/8/2022,20:10,18:00,30000,120,Vessel Cavallier,2,30th Street Station,Philadelphia,Orlando
Miley Cyrus ,5,3,67,26/8/2022,18:00,15:00,50000,130,El Royale,1,New York Penn Station,New York,Boston
Hannah Tucker,4,5,72,28/8/2022,16:00,14:00,40000,140,Torpedo Ben,2,30th Street Station,Philadelphia,Alberquerque
Matt Steffanina,1,5,31,16/8/2022,20:00,17:00,10000,110,Bulletin,1,New York Penn Station,New York,Michigan
James Charles ,2,4,25,20/8/2022,13:40,11:00,20000,120,Vessel Cavallier,2,30th Street Station,Philadelphia,Colorado
Zuri Ross ,3,4,20,26/8/2022,16:00,13:00,30000,130,El Royale,1,New York Penn Station,New York,Louisville
Jessie Prescott ,5,3,55,29/8/2022,11:00,9:00,50000,140,Torpedo Ben,2,30th Street Station,Philadelphia,George Town
Bartrum Winkle ,4,4,58,23/8/2022,19:50,16:00,40000,110,Bulletin,1,New York Penn Station,New York,Oklahoma
Ravi Kipling,2,2,35,24/8/2022,14:40,12:00,20000,120,Vessel Cavallier,2,30th Street Station,Philadelphia,Nevada
Emma Lavato,3,1,28,16/8/2022,13:00,10:00,30000,130,El Royale,1,New York Penn Station,New York,Boston
Selena Mikaelson,4,5,50,18/8/2022,20:00,18:00,40000,140,Torpedo Ben,2,30th Street Station,Philadelphia,Boston
